SEASON_ID,Player_ID,Game_ID,GAME_DATE,MATCHUP,WL,MIN,FGM,FGA,FG_PCT,FG3M,FG3A,FG3_PCT,FTM,FTA,FT_PCT,OREB,DREB,REB,AST,STL,BLK,TOV,PF,PTS,PLUS_MINUS,VIDEO_AVAILABLE,MIN_ROLLING,FGM_ROLLING,FGA_ROLLING,FG_PCT_ROLLING,FG3M_ROLLING,FG3A_ROLLING,FG3_PCT_ROLLING,FTM_ROLLING,FTA_ROLLING,FT_PCT_ROLLING,OREB_ROLLING,DREB_ROLLING,REB_ROLLING,AST_ROLLING,STL_ROLLING,BLK_ROLLING,TOV_ROLLING,PF_ROLLING,PTS_ROLLING,PLUS_MINUS_ROLLING,AVG D PTS ALLOWED,AVG D PTS ALLOWED L3,OPP DEF EFF,OPP DEF EFF L3,OPP F%,OPP F% L3,OPP FB PTS,OPP FB PTS L3,OPP FB EFF,OPP FB EFF L3,OPP 2PTS,OPP 2PTS L3,OPP 3PTS,OPP 3PTS L3
22022,1628378,0022200090,"OCT 30, 2022",CLE vs. NYK,W,37,12,20,0.6,8,13,0.615,6,8,0.75,0,3,3,12,1,2,4,4,38,18,1,"[35, 35, 45, 37, 46]","[12, 10, 12, 5, 15]","[21, 19, 29, 19, 25]","[0.571, 0.526, 0.414, 0.263, 0.6]","[2, 4, 5, 1, 5]","[8, 6, 12, 7, 9]","[0.25, 0.667, 0.417, 0.143, 0.556]","[5, 8, 8, 3, 6]","[6, 9, 9, 4, 6]","[0.833, 0.889, 0.889, 0.75, 1.0]","[0, 3, 2, 2, 0]","[2, 6, 3, 2, 4]","[2, 9, 5, 4, 4]","[9, 8, 4, 8, 3]","[2, 1, 3, 2, 1]","[0, 0, 1, 0, 0]","[3, 4, 6, 1, 7]","[4, 3, 2, 3, 4]","[31, 32, 37, 14, 41]","[10, 19, 4, 9, 18]",114.6,117.3,1.055,1.086,49.4,50.8,15.6,14.0,2.229,1.826,59.6,62.7,35.4,33.0
22022,1628378,0022200107,"NOV 02, 2022",CLE vs. BOS,W,44,11,27,0.407,3,9,0.333,0,0,0.0,0,4,4,6,1,2,0,3,25,-3,1,"[35, 45, 37, 46, 37]","[10, 12, 5, 15, 12]","[19, 29, 19, 25, 20]","[0.526, 0.414, 0.263, 0.6, 0.6]","[4, 5, 1, 5, 8]","[6, 12, 7, 9, 13]","[0.667, 0.417, 0.143, 0.556, 0.615]","[8, 8, 3, 6, 6]","[9, 9, 4, 6, 8]","[0.889, 0.889, 0.75, 1.0, 0.75]","[3, 2, 2, 0, 0]","[6, 3, 2, 4, 3]","[9, 5, 4, 4, 3]","[8, 4, 8, 3, 12]","[1, 3, 2, 1, 1]","[0, 1, 0, 0, 2]","[4, 6, 1, 7, 4]","[3, 2, 3, 4, 4]","[32, 37, 14, 41, 38]","[19, 4, 9, 18, 18]",114.5,115.3,1.123,1.109,51.9,51.6,9.7,12.0,1.657,2.571,61.0,61.3,34.5,33.0
22022,1628378,0022200140,"NOV 06, 2022",CLE @ LAL,W,37,10,17,0.588,1,7,0.143,12,13,0.923,1,4,5,2,1,1,3,1,33,6,1,"[45, 37, 46, 37, 44]","[12, 5, 15, 12, 11]","[29, 19, 25, 20, 27]","[0.414, 0.263, 0.6, 0.6, 0.407]","[5, 1, 5, 8, 3]","[12, 7, 9, 13, 9]","[0.417, 0.143, 0.556, 0.615, 0.333]","[8, 3, 6, 6, 0]","[9, 4, 6, 8, 0]","[0.889, 0.75, 1.0, 0.75, 0.0]","[2, 2, 0, 0, 0]","[3, 2, 4, 3, 4]","[5, 4, 4, 3, 4]","[4, 8, 3, 12, 6]","[3, 2, 1, 1, 1]","[1, 0, 0, 2, 2]","[6, 1, 7, 4, 0]","[2, 3, 4, 4, 3]","[37, 14, 41, 38, 25]","[4, 9, 18, 18, -3]",113.8,119.0,1.059,1.13,48.8,51.2,17.9,12.7,2.043,1.81,61.3,66.7,36.4,40.0
22022,1628378,0022200158,"NOV 07, 2022",CLE @ LAC,L,39,10,15,0.667,8,11,0.727,2,3,0.667,0,1,1,2,0,0,3,5,30,-2,1,"[37, 46, 37, 44, 37]","[5, 15, 12, 11, 10]","[19, 25, 20, 27, 17]","[0.263, 0.6, 0.6, 0.407, 0.588]","[1, 5, 8, 3, 1]","[7, 9, 13, 9, 7]","[0.143, 0.556, 0.615, 0.333, 0.143]","[3, 6, 6, 0, 12]","[4, 6, 8, 0, 13]","[0.75, 1.0, 0.75, 0.0, 0.923]","[2, 0, 0, 0, 1]","[2, 4, 3, 4, 4]","[4, 4, 3, 4, 5]","[8, 3, 12, 6, 2]","[2, 1, 1, 1, 1]","[0, 0, 2, 2, 1]","[1, 7, 4, 0, 3]","[3, 4, 4, 3, 1]","[14, 41, 38, 25, 33]","[9, 18, 18, -3, 6]",106.6,105.7,1.047,1.039,47.7,47.0,13.0,11.0,1.548,1.571,55.8,50.7,36.0,38.0
22022,1628378,0022200171,"NOV 09, 2022",CLE @ SAC,L,39,16,28,0.571,6,14,0.429,0,0,0.0,3,2,5,4,1,0,3,3,38,-8,1,"[46, 37, 44, 37, 39]","[15, 12, 11, 10, 10]","[25, 20, 27, 17, 15]","[0.6, 0.6, 0.407, 0.588, 0.667]","[5, 8, 3, 1, 8]","[9, 13, 9, 7, 11]","[0.556, 0.615, 0.333, 0.143, 0.727]","[6, 6, 0, 12, 2]","[6, 8, 0, 13, 3]","[1.0, 0.75, 0.0, 0.923, 0.667]","[0, 0, 0, 1, 0]","[4, 3, 4, 4, 1]","[4, 3, 4, 5, 1]","[3, 12, 6, 2, 2]","[1, 1, 1, 1, 0]","[0, 2, 2, 1, 0]","[7, 4, 0, 3, 3]","[4, 4, 3, 1, 5]","[41, 38, 25, 33, 30]","[18, 18, -3, 6, -2]",116.8,116.3,1.11,1.098,51.5,51.2,11.4,7.3,1.537,1.222,64.7,72.7,34.0,29.0
22022,1628378,0022200182,"NOV 11, 2022",CLE @ GSW,L,37,10,20,0.5,3,10,0.3,6,6,1.0,0,10,10,9,2,1,3,0,29,7,1,"[37, 44, 37, 39, 39]","[12, 11, 10, 10, 16]","[20, 27, 17, 15, 28]","[0.6, 0.407, 0.588, 0.667, 0.571]","[8, 3, 1, 8, 6]","[13, 9, 7, 11, 14]","[0.615, 0.333, 0.143, 0.727, 0.429]","[6, 0, 12, 2, 0]","[8, 0, 13, 3, 0]","[0.75, 0.0, 0.923, 0.667, 0.0]","[0, 0, 1, 0, 3]","[3, 4, 4, 1, 2]","[3, 4, 5, 1, 5]","[12, 6, 2, 2, 4]","[1, 1, 1, 0, 1]","[2, 2, 1, 0, 0]","[4, 0, 3, 3, 3]","[4, 3, 1, 5, 3]","[38, 25, 33, 30, 38]","[18, -3, 6, -2, -8]",120.6,119.0,1.12,1.127,51.5,52.5,14.8,13.0,1.68,1.393,58.4,54.0,38.5,39.0
22022,1628378,0022200216,"NOV 16, 2022",CLE @ MIL,L,34,7,19,0.368,3,9,0.333,6,6,1.0,0,2,2,3,2,0,2,1,23,-17,1,"[44, 37, 39, 39, 37]","[11, 10, 10, 16, 10]","[27, 17, 15, 28, 20]","[0.407, 0.588, 0.667, 0.571, 0.5]","[3, 1, 8, 6, 3]","[9, 7, 11, 14, 10]","[0.333, 0.143, 0.727, 0.429, 0.3]","[0, 12, 2, 0, 6]","[0, 13, 3, 0, 6]","[0.0, 0.923, 0.667, 0.0, 1.0]","[0, 1, 0, 3, 0]","[4, 4, 1, 2, 10]","[4, 5, 1, 5, 10]","[6, 2, 2, 4, 9]","[1, 1, 0, 1, 2]","[2, 1, 0, 0, 1]","[0, 3, 3, 3, 3]","[3, 1, 5, 3, 0]","[25, 33, 30, 38, 29]","[-3, 6, -2, -8, 7]",107.0,121.3,1.02,1.109,46.9,50.7,14.2,16.7,2.19,3.125,58.0,66.7,33.0,37.0
22022,1628378,0022200225,"NOV 18, 2022",CLE vs. CHA,W,44,11,22,0.5,2,9,0.222,10,11,0.909,1,3,4,6,1,0,6,2,34,10,1,"[37, 39, 39, 37, 34]","[10, 10, 16, 10, 7]","[17, 15, 28, 20, 19]","[0.588, 0.667, 0.571, 0.5, 0.368]","[1, 8, 6, 3, 3]","[7, 11, 14, 10, 9]","[0.143, 0.727, 0.429, 0.3, 0.333]","[12, 2, 0, 6, 6]","[13, 3, 0, 6, 6]","[0.923, 0.667, 0.0, 1.0, 1.0]","[1, 0, 3, 0, 0]","[4, 1, 2, 10, 2]","[5, 1, 5, 10, 2]","[2, 2, 4, 9, 3]","[1, 0, 1, 2, 2]","[1, 0, 0, 1, 0]","[3, 3, 3, 3, 2]","[1, 5, 3, 0, 1]","[33, 30, 38, 29, 23]","[6, -2, -8, 7, -17]",114.8,120.7,1.093,1.169,50.6,52.9,10.1,8.7,1.45,1.238,60.5,58.7,34.3,41.0
22022,1628378,0022200244,"NOV 20, 2022",CLE vs. MIA,W,27,5,12,0.417,2,7,0.286,1,2,0.5,1,2,3,5,2,0,1,4,13,15,1,"[39, 39, 37, 34, 44]","[10, 16, 10, 7, 11]","[15, 28, 20, 19, 22]","[0.667, 0.571, 0.5, 0.368, 0.5]","[8, 6, 3, 3, 2]","[11, 14, 10, 9, 9]","[0.727, 0.429, 0.3, 0.333, 0.222]","[2, 0, 6, 6, 10]","[3, 0, 6, 6, 11]","[0.667, 0.0, 1.0, 1.0, 0.909]","[0, 3, 0, 0, 1]","[1, 2, 10, 2, 3]","[1, 5, 10, 2, 4]","[2, 4, 9, 3, 6]","[0, 1, 2, 2, 1]","[0, 0, 1, 0, 0]","[3, 3, 3, 2, 6]","[5, 3, 0, 1, 2]","[30, 38, 29, 23, 34]","[-2, -8, 7, -17, 10]",109.9,110.3,1.081,1.101,48.7,50.1,12.4,7.7,2.01,1.15,54.4,64.7,40.7,36.0
22022,1628378,0022200248,"NOV 21, 2022",CLE vs. ATL,W,39,11,22,0.5,4,8,0.5,3,4,0.75,0,4,4,9,3,0,3,2,29,8,1,"[39, 37, 34, 44, 27]","[16, 10, 7, 11, 5]","[28, 20, 19, 22, 12]","[0.571, 0.5, 0.368, 0.5, 0.417]","[6, 3, 3, 2, 2]","[14, 10, 9, 9, 7]","[0.429, 0.3, 0.333, 0.222, 0.286]","[0, 6, 6, 10, 1]","[0, 6, 6, 11, 2]","[0.0, 1.0, 1.0, 0.909, 0.5]","[3, 0, 0, 1, 1]","[2, 10, 2, 3, 2]","[5, 10, 2, 4, 3]","[4, 9, 3, 6, 5]","[1, 2, 2, 1, 2]","[0, 1, 0, 0, 0]","[3, 3, 2, 6, 1]","[3, 0, 1, 2, 4]","[38, 29, 23, 34, 13]","[-8, 7, -17, 10, 15]",114.4,118.0,1.077,1.106,50.3,51.0,13.8,18.7,2.056,2.947,61.1,63.3,32.4,35.0
22022,1628378,0022200261,"NOV 23, 2022",CLE vs. POR,W,31,11,18,0.611,6,10,0.6,6,7,0.857,0,2,2,1,2,0,4,1,34,-5,1,"[37, 34, 44, 27, 39]","[10, 7, 11, 5, 11]","[20, 19, 22, 12, 22]","[0.5, 0.368, 0.5, 0.417, 0.5]","[3, 3, 2, 2, 4]","[10, 9, 9, 7, 8]","[0.3, 0.333, 0.222, 0.286, 0.5]","[6, 6, 10, 1, 3]","[6, 6, 11, 2, 4]","[1.0, 1.0, 0.909, 0.5, 0.75]","[0, 0, 1, 1, 0]","[10, 2, 3, 2, 4]","[10, 2, 4, 3, 4]","[9, 3, 6, 5, 9]","[2, 2, 1, 2, 3]","[1, 0, 0, 0, 0]","[3, 2, 6, 1, 3]","[0, 1, 2, 4, 2]","[29, 23, 34, 13, 29]","[7, -17, 10, 15, 8]",108.9,115.3,1.077,1.106,49.3,51.4,16.2,18.7,1.95,2.545,56.4,63.3,35.8,34.0
22022,1628378,0022200280,"NOV 25, 2022",CLE @ MIL,L,32,11,24,0.458,5,11,0.455,2,2,1.0,2,1,3,1,1,0,2,2,29,-20,1,"[34, 44, 27, 39, 31]","[7, 11, 5, 11, 11]","[19, 22, 12, 22, 18]","[0.368, 0.5, 0.417, 0.5, 0.611]","[3, 2, 2, 4, 6]","[9, 9, 7, 8, 10]","[0.333, 0.222, 0.286, 0.5, 0.6]","[6, 10, 1, 3, 6]","[6, 11, 2, 4, 7]","[1.0, 0.909, 0.5, 0.75, 0.857]","[0, 1, 1, 0, 0]","[2, 3, 2, 4, 2]","[2, 4, 3, 4, 2]","[3, 6, 5, 9, 1]","[2, 1, 2, 3, 2]","[0, 0, 0, 0, 0]","[2, 6, 1, 3, 4]","[1, 2, 4, 2, 1]","[23, 34, 13, 29, 34]","[-17, 10, 15, 8, -5]",107.5,113.0,1.03,1.077,47.2,49.2,13.4,12.7,2.073,2.0,57.5,58.7,34.2,39.0
22022,1628378,0022200295,"NOV 27, 2022",CLE @ DET,W,39,9,23,0.391,2,8,0.25,12,13,0.923,1,4,5,1,1,0,3,2,32,11,1,"[44, 27, 39, 31, 32]","[11, 5, 11, 11, 11]","[22, 12, 22, 18, 24]","[0.5, 0.417, 0.5, 0.611, 0.458]","[2, 2, 4, 6, 5]","[9, 7, 8, 10, 11]","[0.222, 0.286, 0.5, 0.6, 0.455]","[10, 1, 3, 6, 2]","[11, 2, 4, 7, 2]","[0.909, 0.5, 0.75, 0.857, 1.0]","[1, 1, 0, 0, 2]","[3, 2, 4, 2, 1]","[4, 3, 4, 2, 3]","[6, 5, 9, 1, 1]","[1, 2, 3, 2, 1]","[0, 0, 0, 0, 0]","[6, 1, 3, 4, 2]","[2, 4, 2, 1, 2]","[34, 13, 29, 34, 29]","[10, 15, 8, -5, -20]",117.4,110.7,1.139,1.102,52.6,52.0,12.6,13.3,2.07,2.222,63.0,64.0,34.4,30.0
22022,1628378,0022200303,"NOV 28, 2022",CLE @ TOR,L,25,3,11,0.273,1,5,0.2,1,1,1.0,0,1,1,2,0,0,0,1,8,-21,1,"[27, 39, 31, 32, 39]","[5, 11, 11, 11, 9]","[12, 22, 18, 24, 23]","[0.417, 0.5, 0.611, 0.458, 0.391]","[2, 4, 6, 5, 2]","[7, 8, 10, 11, 8]","[0.286, 0.5, 0.6, 0.455, 0.25]","[1, 3, 6, 2, 12]","[2, 4, 7, 2, 13]","[0.5, 0.75, 0.857, 1.0, 0.923]","[1, 0, 0, 2, 1]","[2, 4, 2, 1, 4]","[3, 4, 2, 3, 5]","[5, 9, 1, 1, 1]","[2, 3, 2, 1, 1]","[0, 0, 0, 0, 0]","[1, 3, 4, 2, 3]","[4, 2, 1, 2, 2]","[13, 29, 34, 29, 32]","[15, 8, -5, -20, 11]",109.6,112.0,1.079,1.079,49.1,49.6,14.4,18.7,2.322,2.545,54.3,60.7,36.9,35.0
22022,1628378,0022200312,"NOV 30, 2022",CLE vs. PHI,W,26,5,9,0.556,5,7,0.714,3,3,1.0,0,3,3,6,2,1,2,0,18,20,1,"[39, 31, 32, 39, 25]","[11, 11, 11, 9, 3]","[22, 18, 24, 23, 11]","[0.5, 0.611, 0.458, 0.391, 0.273]","[4, 6, 5, 2, 1]","[8, 10, 11, 8, 5]","[0.5, 0.6, 0.455, 0.25, 0.2]","[3, 6, 2, 12, 1]","[4, 7, 2, 13, 1]","[0.75, 0.857, 1.0, 0.923, 1.0]","[0, 0, 2, 1, 0]","[4, 2, 1, 4, 1]","[4, 2, 3, 5, 1]","[9, 1, 1, 1, 2]","[3, 2, 1, 1, 0]","[0, 0, 0, 0, 0]","[3, 4, 2, 3, 0]","[2, 1, 2, 2, 1]","[29, 34, 29, 32, 8]","[8, -5, -20, 11, -21]",105.8,101.0,1.055,1.038,49.2,48.0,15.3,14.0,2.333,1.826,57.7,49.3,30.6,33.0
22022,1628378,0022200330,"DEC 02, 2022",CLE vs. ORL,W,37,12,21,0.571,7,11,0.636,3,3,1.0,1,1,2,1,1,1,5,4,34,7,1,"[31, 32, 39, 25, 26]","[11, 11, 9, 3, 5]","[18, 24, 23, 11, 9]","[0.611, 0.458, 0.391, 0.273, 0.556]","[6, 5, 2, 1, 5]","[10, 11, 8, 5, 7]","[0.6, 0.455, 0.25, 0.2, 0.714]","[6, 2, 12, 1, 3]","[7, 2, 13, 1, 3]","[0.857, 1.0, 0.923, 1.0, 1.0]","[0, 2, 1, 0, 0]","[2, 1, 4, 1, 3]","[2, 3, 5, 1, 3]","[1, 1, 1, 2, 6]","[2, 1, 1, 0, 2]","[0, 0, 0, 0, 1]","[4, 2, 3, 0, 2]","[1, 2, 2, 1, 0]","[34, 29, 32, 8, 18]","[-5, -20, 11, -21, 20]",114.4,122.3,1.12,1.222,51.2,57.4,16.1,18.7,1.898,2.24,59.3,78.0,37.9,28.0
22022,1628378,0022200348,"DEC 04, 2022",CLE @ NYK,L,40,8,22,0.364,2,11,0.182,5,6,0.833,1,3,4,5,0,1,3,3,23,2,1,"[32, 39, 25, 26, 37]","[11, 9, 3, 5, 12]","[24, 23, 11, 9, 21]","[0.458, 0.391, 0.273, 0.556, 0.571]","[5, 2, 1, 5, 7]","[11, 8, 5, 7, 11]","[0.455, 0.25, 0.2, 0.714, 0.636]","[2, 12, 1, 3, 3]","[2, 13, 1, 3, 3]","[1.0, 0.923, 1.0, 1.0, 1.0]","[2, 1, 0, 0, 1]","[1, 4, 1, 3, 1]","[3, 5, 1, 3, 2]","[1, 1, 2, 6, 1]","[1, 1, 0, 2, 1]","[0, 0, 0, 1, 1]","[2, 3, 0, 2, 5]","[2, 2, 1, 0, 4]","[29, 32, 8, 18, 34]","[-20, 11, -21, 20, 7]",116.4,113.3,1.108,1.125,50.4,49.9,14.7,9.7,2.262,1.706,55.4,51.3,42.1,47.0
22022,1628378,0022200360,"DEC 06, 2022",CLE vs. LAL,W,40,17,27,0.63,4,8,0.5,5,5,1.0,2,4,6,5,4,0,2,1,43,21,1,"[39, 25, 26, 37, 40]","[9, 3, 5, 12, 8]","[23, 11, 9, 21, 22]","[0.391, 0.273, 0.556, 0.571, 0.364]","[2, 1, 5, 7, 2]","[8, 5, 7, 11, 11]","[0.25, 0.2, 0.714, 0.636, 0.182]","[12, 1, 3, 3, 5]","[13, 1, 3, 3, 6]","[0.923, 1.0, 1.0, 1.0, 0.833]","[1, 0, 0, 1, 1]","[4, 1, 3, 1, 3]","[5, 1, 3, 2, 4]","[1, 2, 6, 1, 5]","[1, 0, 2, 1, 0]","[0, 0, 1, 1, 1]","[3, 0, 2, 5, 3]","[2, 1, 0, 4, 3]","[32, 8, 18, 34, 23]","[11, -21, 20, 7, 2]",115.1,119.0,1.084,1.133,50.0,52.1,17.2,12.0,2.136,2.25,63.5,70.7,35.7,35.0
22022,1628378,0022200406,"DEC 12, 2022",CLE @ SAS,L,37,12,24,0.5,2,7,0.286,2,2,1.0,4,1,5,1,0,0,3,3,28,-9,1,"[25, 26, 37, 40, 40]","[3, 5, 12, 8, 17]","[11, 9, 21, 22, 27]","[0.273, 0.556, 0.571, 0.364, 0.63]","[1, 5, 7, 2, 4]","[5, 7, 11, 11, 8]","[0.2, 0.714, 0.636, 0.182, 0.5]","[1, 3, 3, 5, 5]","[1, 3, 3, 6, 5]","[1.0, 1.0, 1.0, 0.833, 1.0]","[0, 0, 1, 1, 2]","[1, 3, 1, 3, 4]","[1, 3, 2, 4, 6]","[2, 6, 1, 5, 5]","[0, 2, 1, 0, 4]","[0, 1, 1, 1, 0]","[0, 2, 5, 3, 2]","[1, 0, 4, 3, 1]","[8, 18, 34, 23, 43]","[-21, 20, 7, 2, 21]",120.4,117.7,1.15,1.162,52.5,52.7,16.1,9.3,2.049,2.154,64.2,60.0,39.0,42.0
22022,1628378,0022200421,"DEC 14, 2022",CLE @ DAL,W,38,13,20,0.65,6,9,0.667,2,2,1.0,1,2,3,4,1,0,3,5,34,21,1,"[26, 37, 40, 40, 37]","[5, 12, 8, 17, 12]","[9, 21, 22, 27, 24]","[0.556, 0.571, 0.364, 0.63, 0.5]","[5, 7, 2, 4, 2]","[7, 11, 11, 8, 7]","[0.714, 0.636, 0.182, 0.5, 0.286]","[3, 3, 5, 5, 2]","[3, 3, 6, 5, 2]","[1.0, 1.0, 0.833, 1.0, 1.0]","[0, 1, 1, 2, 4]","[3, 1, 3, 4, 1]","[3, 2, 4, 6, 5]","[6, 1, 5, 5, 1]","[2, 1, 0, 4, 0]","[1, 1, 1, 0, 0]","[2, 5, 3, 2, 3]","[0, 4, 3, 1, 3]","[18, 34, 23, 43, 28]","[20, 7, 2, 21, -9]",110.1,121.3,1.097,1.196,50.6,54.3,13.4,19.3,2.086,3.412,57.7,62.7,34.0,40.0
22022,1628378,0022200431,"DEC 16, 2022",CLE vs. IND,W,37,14,24,0.583,8,15,0.533,5,5,1.0,0,1,1,3,1,0,2,2,41,7,1,"[37, 40, 40, 37, 38]","[12, 8, 17, 12, 13]","[21, 22, 27, 24, 20]","[0.571, 0.364, 0.63, 0.5, 0.65]","[7, 2, 4, 2, 6]","[11, 11, 8, 7, 9]","[0.636, 0.182, 0.5, 0.286, 0.667]","[3, 5, 5, 2, 2]","[3, 6, 5, 2, 2]","[1.0, 0.833, 1.0, 1.0, 1.0]","[1, 1, 2, 4, 1]","[1, 3, 4, 1, 2]","[2, 4, 6, 5, 3]","[1, 5, 5, 1, 4]","[1, 0, 4, 0, 1]","[1, 1, 0, 0, 0]","[5, 3, 2, 3, 3]","[4, 3, 1, 3, 5]","[34, 23, 43, 28, 34]","[7, 2, 21, -9, 21]",115.7,114.0,1.094,1.083,50.1,50.6,14.9,14.7,1.924,2.316,57.7,61.3,37.0,32.0
22022,1628378,0022200440,"DEC 17, 2022",CLE vs. DAL,W,42,9,21,0.429,1,9,0.111,6,8,0.75,0,4,4,3,1,0,4,4,25,-4,1,"[40, 40, 37, 38, 37]","[8, 17, 12, 13, 14]","[22, 27, 24, 20, 24]","[0.364, 0.63, 0.5, 0.65, 0.583]","[2, 4, 2, 6, 8]","[11, 8, 7, 9, 15]","[0.182, 0.5, 0.286, 0.667, 0.533]","[5, 5, 2, 2, 5]","[6, 5, 2, 2, 5]","[0.833, 1.0, 1.0, 1.0, 1.0]","[1, 2, 4, 1, 0]","[3, 4, 1, 2, 1]","[4, 6, 5, 3, 1]","[5, 5, 1, 4, 3]","[0, 4, 0, 1, 1]","[1, 0, 0, 0, 0]","[3, 2, 3, 3, 2]","[3, 1, 3, 5, 2]","[23, 43, 28, 34, 41]","[2, 21, -9, 21, 7]",109.9,109.7,1.097,1.107,50.6,51.1,13.2,12.3,2.093,2.846,57.8,60.7,33.8,31.0
22022,1628378,0022200452,"DEC 19, 2022",CLE vs. UTA,W,23,8,12,0.667,4,5,0.8,3,3,1.0,0,2,2,1,0,0,1,4,23,8,1,"[40, 37, 38, 37, 42]","[17, 12, 13, 14, 9]","[27, 24, 20, 24, 21]","[0.63, 0.5, 0.65, 0.583, 0.429]","[4, 2, 6, 8, 1]","[8, 7, 9, 15, 9]","[0.5, 0.286, 0.667, 0.533, 0.111]","[5, 2, 2, 5, 6]","[5, 2, 2, 5, 8]","[1.0, 1.0, 1.0, 1.0, 0.75]","[2, 4, 1, 0, 0]","[4, 1, 2, 1, 4]","[6, 5, 3, 1, 4]","[5, 1, 4, 3, 3]","[4, 0, 1, 1, 1]","[0, 0, 0, 0, 0]","[2, 3, 3, 2, 4]","[1, 3, 5, 2, 4]","[43, 28, 34, 41, 25]","[21, -9, 21, 7, -4]",116.0,117.3,1.11,1.101,51.9,51.3,15.9,10.7,2.04,1.28,65.4,65.3,31.5,34.0
22022,1628378,0022200466,"DEC 21, 2022",CLE vs. MIL,W,37,9,21,0.429,3,9,0.333,15,16,0.938,1,3,4,6,2,0,2,4,36,15,1,"[37, 38, 37, 42, 23]","[12, 13, 14, 9, 8]","[24, 20, 24, 21, 12]","[0.5, 0.65, 0.583, 0.429, 0.667]","[2, 6, 8, 1, 4]","[7, 9, 15, 9, 5]","[0.286, 0.667, 0.533, 0.111, 0.8]","[2, 2, 5, 6, 3]","[2, 2, 5, 8, 3]","[1.0, 1.0, 1.0, 0.75, 1.0]","[4, 1, 0, 0, 0]","[1, 2, 1, 4, 2]","[5, 3, 1, 4, 2]","[1, 4, 3, 3, 1]","[0, 1, 1, 1, 0]","[0, 0, 0, 0, 0]","[3, 3, 2, 4, 1]","[3, 5, 2, 4, 4]","[28, 34, 41, 25, 23]","[-9, 21, 7, -4, 8]",108.8,119.3,1.053,1.161,48.3,51.9,12.5,12.0,1.909,1.895,57.9,60.7,35.0,46.0
22022,1628378,0022200484,"DEC 23, 2022",CLE vs. TOR,L,35,4,16,0.25,3,12,0.25,1,4,0.25,0,5,5,4,3,0,3,1,12,-12,1,"[38, 37, 42, 23, 37]","[13, 14, 9, 8, 9]","[20, 24, 21, 12, 21]","[0.65, 0.583, 0.429, 0.667, 0.429]","[6, 8, 1, 4, 3]","[9, 15, 9, 5, 9]","[0.667, 0.533, 0.111, 0.8, 0.333]","[2, 5, 6, 3, 15]","[2, 5, 8, 3, 16]","[1.0, 1.0, 0.75, 1.0, 0.938]","[1, 0, 0, 0, 1]","[2, 1, 4, 2, 3]","[3, 1, 4, 2, 4]","[4, 3, 3, 1, 6]","[1, 1, 1, 0, 2]","[0, 0, 0, 0, 0]","[3, 2, 4, 1, 2]","[5, 2, 4, 4, 4]","[34, 41, 25, 23, 36]","[21, 7, -4, 8, 15]",110.9,112.0,1.095,1.129,49.9,50.3,15.5,15.3,2.57,2.875,55.4,48.7,36.7,44.0
22022,1628378,0022200498,"DEC 26, 2022",CLE vs. BKN,L,34,5,16,0.313,3,9,0.333,2,2,1.0,1,2,3,5,1,1,1,2,15,-13,1,"[37, 42, 23, 37, 35]","[14, 9, 8, 9, 4]","[24, 21, 12, 21, 16]","[0.583, 0.429, 0.667, 0.429, 0.25]","[8, 1, 4, 3, 3]","[15, 9, 5, 9, 12]","[0.533, 0.111, 0.8, 0.333, 0.25]","[5, 6, 3, 15, 1]","[5, 8, 3, 16, 4]","[1.0, 0.75, 1.0, 0.938, 0.25]","[0, 0, 0, 1, 0]","[1, 4, 2, 3, 5]","[1, 4, 2, 4, 5]","[3, 3, 1, 6, 4]","[1, 1, 0, 2, 3]","[0, 0, 0, 0, 0]","[2, 4, 1, 2, 3]","[2, 4, 4, 4, 1]","[41, 25, 23, 36, 12]","[7, -4, 8, 15, -12]",111.1,111.3,1.09,1.093,50.2,51.4,14.3,13.0,1.854,1.773,55.3,60.7,36.9,29.0
22022,1628378,0022200524,"DEC 29, 2022",CLE @ IND,L,37,10,25,0.4,5,11,0.455,3,4,0.75,2,2,4,6,2,0,2,2,28,-14,1,"[42, 23, 37, 35, 34]","[9, 8, 9, 4, 5]","[21, 12, 21, 16, 16]","[0.429, 0.667, 0.429, 0.25, 0.313]","[1, 4, 3, 3, 3]","[9, 5, 9, 12, 9]","[0.111, 0.8, 0.333, 0.25, 0.333]","[6, 3, 15, 1, 2]","[8, 3, 16, 4, 2]","[0.75, 1.0, 0.938, 0.25, 1.0]","[0, 0, 1, 0, 1]","[4, 2, 3, 5, 2]","[4, 2, 4, 5, 3]","[3, 1, 6, 4, 5]","[1, 0, 2, 3, 1]","[0, 0, 0, 0, 1]","[4, 1, 2, 3, 1]","[4, 4, 4, 1, 2]","[25, 23, 36, 12, 15]","[-4, 8, 15, -12, -13]",115.1,111.7,1.097,1.099,50.3,50.1,14.6,13.3,1.903,1.905,57.3,56.7,36.9,37.0
22022,1628378,0022200540,"DEC 31, 2022",CLE @ CHI,W,37,5,16,0.313,0,6,0.0,5,6,0.833,1,2,3,6,4,0,7,3,15,-9,1,"[23, 37, 35, 34, 37]","[8, 9, 4, 5, 10]","[12, 21, 16, 16, 25]","[0.667, 0.429, 0.25, 0.313, 0.4]","[4, 3, 3, 3, 5]","[5, 9, 12, 9, 11]","[0.8, 0.333, 0.25, 0.333, 0.455]","[3, 15, 1, 2, 3]","[3, 16, 4, 2, 4]","[1.0, 0.938, 0.25, 1.0, 0.75]","[0, 1, 0, 1, 2]","[2, 3, 5, 2, 2]","[2, 4, 5, 3, 4]","[1, 6, 4, 5, 6]","[0, 2, 3, 1, 2]","[0, 0, 0, 1, 0]","[1, 2, 3, 1, 2]","[4, 4, 1, 2, 2]","[23, 36, 12, 15, 28]","[8, 15, -12, -13, -14]",115.1,121.3,1.106,1.139,50.1,52.0,12.1,10.0,1.831,1.364,56.3,59.3,41.0,43.0
22022,1628378,0022200552,"JAN 02, 2023",CLE vs. CHI,W,50,22,34,0.647,7,15,0.467,20,25,0.8,3,5,8,11,0,1,4,3,71,19,1,"[37, 35, 34, 37, 37]","[9, 4, 5, 10, 5]","[21, 16, 16, 25, 16]","[0.429, 0.25, 0.313, 0.4, 0.313]","[3, 3, 3, 5, 0]","[9, 12, 9, 11, 6]","[0.333, 0.25, 0.333, 0.455, 0.0]","[15, 1, 2, 3, 5]","[16, 4, 2, 4, 6]","[0.938, 0.25, 1.0, 0.75, 0.833]","[1, 0, 1, 2, 1]","[3, 5, 2, 2, 2]","[4, 5, 3, 4, 3]","[6, 4, 5, 6, 6]","[2, 3, 1, 2, 4]","[0, 0, 1, 0, 0]","[2, 3, 1, 2, 7]","[4, 1, 2, 2, 3]","[36, 12, 15, 28, 15]","[15, -12, -13, -14, -9]",114.8,111.3,1.104,1.06,50.1,48.7,12.0,8.0,1.804,1.0,56.2,54.7,40.9,39.0
22022,1628378,0022200565,"JAN 04, 2023",CLE vs. PHX,W,36,6,20,0.3,3,12,0.25,5,5,1.0,1,5,6,9,2,0,4,4,20,9,1,"[35, 34, 37, 37, 50]","[4, 5, 10, 5, 22]","[16, 16, 25, 16, 34]","[0.25, 0.313, 0.4, 0.313, 0.647]","[3, 3, 5, 0, 7]","[12, 9, 11, 6, 15]","[0.25, 0.333, 0.455, 0.0, 0.467]","[1, 2, 3, 5, 20]","[4, 2, 4, 6, 25]","[0.25, 1.0, 0.75, 0.833, 0.8]","[0, 1, 2, 1, 3]","[5, 2, 2, 2, 5]","[5, 3, 4, 3, 8]","[4, 5, 6, 6, 11]","[3, 1, 2, 4, 0]","[0, 1, 0, 0, 1]","[3, 1, 2, 7, 4]","[1, 2, 2, 3, 3]","[12, 15, 28, 15, 71]","[-12, -13, -14, -9, 19]",111.7,114.0,1.098,1.199,51.0,55.8,12.2,10.7,1.75,1.391,58.2,60.7,32.9,32.0
22022,1628378,0022200603,"JAN 08, 2023",CLE @ PHX,W,30,7,12,0.583,2,7,0.286,6,6,1.0,0,2,2,2,1,1,4,4,22,3,1,"[34, 37, 37, 50, 36]","[5, 10, 5, 22, 6]","[16, 25, 16, 34, 20]","[0.313, 0.4, 0.313, 0.647, 0.3]","[3, 5, 0, 7, 3]","[9, 11, 6, 15, 12]","[0.333, 0.455, 0.0, 0.467, 0.25]","[2, 3, 5, 20, 5]","[2, 4, 6, 25, 5]","[1.0, 0.75, 0.833, 0.8, 1.0]","[1, 2, 1, 3, 1]","[2, 2, 2, 5, 5]","[3, 4, 3, 8, 6]","[5, 6, 6, 11, 9]","[1, 2, 4, 0, 2]","[1, 0, 0, 1, 0]","[1, 2, 7, 4, 4]","[2, 2, 3, 3, 4]","[15, 28, 15, 71, 20]","[-13, -14, -9, 19, 9]",111.0,98.7,1.093,1.029,50.7,46.9,12.0,6.0,1.689,0.9,57.3,42.0,33.0,36.0
22022,1628378,0022200614,"JAN 10, 2023",CLE @ UTA,L,36,14,27,0.519,7,18,0.389,11,11,1.0,1,4,5,6,3,0,0,0,46,-4,1,"[37, 37, 50, 36, 30]","[10, 5, 22, 6, 7]","[25, 16, 34, 20, 12]","[0.4, 0.313, 0.647, 0.3, 0.583]","[5, 0, 7, 3, 2]","[11, 6, 15, 12, 7]","[0.455, 0.0, 0.467, 0.25, 0.286]","[3, 5, 20, 5, 6]","[4, 6, 25, 5, 6]","[0.75, 0.833, 0.8, 1.0, 1.0]","[2, 1, 3, 1, 0]","[2, 2, 5, 5, 2]","[4, 3, 8, 6, 2]","[6, 6, 11, 9, 2]","[2, 4, 0, 2, 1]","[0, 0, 1, 0, 1]","[2, 7, 4, 4, 4]","[2, 3, 3, 4, 4]","[28, 15, 71, 20, 22]","[-14, -9, 19, 9, 3]",116.9,121.0,1.12,1.145,52.2,51.9,16.3,17.3,2.128,2.167,65.1,56.7,32.5,43.0
22022,1628378,0022200631,"JAN 12, 2023",CLE @ POR,W,36,11,23,0.478,2,8,0.25,2,4,0.5,1,4,5,5,2,0,3,2,26,10,1,"[37, 50, 36, 30, 36]","[5, 22, 6, 7, 14]","[16, 34, 20, 12, 27]","[0.313, 0.647, 0.3, 0.583, 0.519]","[0, 7, 3, 2, 7]","[6, 15, 12, 7, 18]","[0.0, 0.467, 0.25, 0.286, 0.389]","[5, 20, 5, 6, 11]","[6, 25, 5, 6, 11]","[0.833, 0.8, 1.0, 1.0, 1.0]","[1, 3, 1, 0, 1]","[2, 5, 5, 2, 4]","[3, 8, 6, 2, 5]","[6, 11, 9, 2, 6]","[4, 0, 2, 1, 3]","[0, 1, 0, 1, 0]","[7, 4, 4, 4, 0]","[3, 3, 4, 4, 0]","[15, 71, 20, 22, 46]","[-9, 19, 9, 3, -4]",112.0,111.3,1.102,1.069,51.0,50.0,15.1,19.7,1.847,1.788,59.0,60.0,34.4,28.0
22022,1628378,0022200645,"JAN 14, 2023",CLE @ MIN,L,37,5,16,0.313,2,9,0.222,2,4,0.5,1,2,3,6,0,0,2,1,14,-5,1,"[50, 36, 30, 36, 36]","[22, 6, 7, 14, 11]","[34, 20, 12, 27, 23]","[0.647, 0.3, 0.583, 0.519, 0.478]","[7, 3, 2, 7, 2]","[15, 12, 7, 18, 8]","[0.467, 0.25, 0.286, 0.389, 0.25]","[20, 5, 6, 11, 2]","[25, 5, 6, 11, 4]","[0.8, 1.0, 1.0, 1.0, 0.5]","[3, 1, 0, 1, 1]","[5, 5, 2, 4, 4]","[8, 6, 2, 5, 5]","[11, 9, 2, 6, 5]","[0, 2, 1, 3, 2]","[1, 0, 1, 0, 0]","[4, 4, 4, 0, 3]","[3, 4, 4, 0, 2]","[71, 20, 22, 46, 26]","[19, 9, 3, -4, 10]",115.5,115.7,1.1,1.102,50.2,49.9,14.9,18.0,1.811,1.929,55.2,56.7,41.1,42.0
22022,1628378,0022200658,"JAN 16, 2023",CLE vs. NOP,W,22,3,9,0.333,2,6,0.333,3,3,1.0,0,1,1,0,0,1,4,1,11,2,1,"[36, 30, 36, 36, 37]","[6, 7, 14, 11, 5]","[20, 12, 27, 23, 16]","[0.3, 0.583, 0.519, 0.478, 0.313]","[3, 2, 7, 2, 2]","[12, 7, 18, 8, 9]","[0.25, 0.286, 0.389, 0.25, 0.222]","[5, 6, 11, 2, 2]","[5, 6, 11, 4, 4]","[1.0, 1.0, 1.0, 0.5, 0.5]","[1, 0, 1, 1, 1]","[5, 2, 4, 4, 2]","[6, 2, 5, 5, 3]","[9, 2, 6, 5, 6]","[2, 1, 3, 2, 0]","[0, 1, 0, 0, 0]","[4, 4, 0, 3, 2]","[4, 4, 0, 2, 1]","[20, 22, 46, 26, 14]","[9, 3, -4, 10, -5]",113.3,115.7,1.079,1.107,49.4,50.9,14.1,16.0,1.918,2.526,58.0,62.0,37.3,36.0
22022,1628378,0022200715,"JAN 24, 2023",CLE @ NYK,L,38,9,24,0.375,6,14,0.429,0,0,0.0,2,6,8,8,4,1,0,4,24,12,1,"[30, 36, 36, 37, 22]","[7, 14, 11, 5, 3]","[12, 27, 23, 16, 9]","[0.583, 0.519, 0.478, 0.313, 0.333]","[2, 7, 2, 2, 2]","[7, 18, 8, 9, 6]","[0.286, 0.389, 0.25, 0.222, 0.333]","[6, 11, 2, 2, 3]","[6, 11, 4, 4, 3]","[1.0, 1.0, 0.5, 0.5, 1.0]","[0, 1, 1, 1, 0]","[2, 4, 4, 2, 1]","[2, 5, 5, 3, 1]","[2, 6, 5, 6, 0]","[1, 3, 2, 0, 0]","[1, 0, 0, 0, 1]","[4, 0, 3, 2, 4]","[4, 0, 2, 1, 1]","[22, 46, 26, 14, 11]","[3, -4, 10, -5, 2]",112.3,126.7,1.098,1.294,50.0,58.3,12.8,11.7,2.132,1.522,54.4,63.3,39.3,44.0
22022,1628378,0022200754,"JAN 29, 2023",CLE vs. LAC,W,20,5,9,0.556,1,3,0.333,0,0,0.0,0,0,0,3,1,0,0,2,11,36,1,"[36, 36, 37, 22, 38]","[14, 11, 5, 3, 9]","[27, 23, 16, 9, 24]","[0.519, 0.478, 0.313, 0.333, 0.375]","[7, 2, 2, 2, 6]","[18, 8, 9, 6, 14]","[0.389, 0.25, 0.222, 0.333, 0.429]","[11, 2, 2, 3, 0]","[11, 4, 4, 3, 0]","[1.0, 0.5, 0.5, 1.0, 0.0]","[1, 1, 1, 0, 2]","[4, 4, 2, 1, 6]","[5, 5, 3, 1, 8]","[6, 5, 6, 0, 8]","[3, 2, 0, 0, 4]","[0, 0, 0, 1, 1]","[0, 3, 2, 4, 0]","[0, 2, 1, 1, 4]","[46, 26, 14, 11, 24]","[-4, 10, -5, 2, 12]",110.5,109.3,1.095,1.102,50.4,52.0,14.3,13.3,1.823,1.818,58.0,62.0,35.2,31.0
22022,1628378,0022200764,"JAN 31, 2023",CLE vs. MIA,L,37,6,17,0.353,3,13,0.231,1,2,0.5,1,2,3,9,4,0,2,3,16,2,1,"[36, 37, 22, 38, 20]","[11, 5, 3, 9, 5]","[23, 16, 9, 24, 9]","[0.478, 0.313, 0.333, 0.375, 0.556]","[2, 2, 2, 6, 1]","[8, 9, 6, 14, 3]","[0.25, 0.222, 0.333, 0.429, 0.333]","[2, 2, 3, 0, 0]","[4, 4, 3, 0, 0]","[0.5, 0.5, 1.0, 0.0, 0.0]","[1, 1, 0, 2, 0]","[4, 2, 1, 6, 0]","[5, 3, 1, 8, 0]","[5, 6, 0, 8, 3]","[2, 0, 0, 4, 1]","[0, 0, 1, 1, 0]","[3, 2, 4, 0, 0]","[2, 1, 1, 4, 2]","[26, 14, 11, 24, 11]","[10, -5, 2, 12, 36]",108.4,107.3,1.076,1.056,48.5,48.2,11.9,14.0,1.739,2.625,52.2,48.7,39.7,37.0
22022,1628378,0022200779,"FEB 02, 2023",CLE vs. MEM,W,22,2,11,0.182,2,4,0.5,0,0,0.0,0,4,4,3,1,1,0,1,6,-3,1,"[37, 22, 38, 20, 37]","[5, 3, 9, 5, 6]","[16, 9, 24, 9, 17]","[0.313, 0.333, 0.375, 0.556, 0.353]","[2, 2, 6, 1, 3]","[9, 6, 14, 3, 13]","[0.222, 0.333, 0.429, 0.333, 0.231]","[2, 3, 0, 0, 1]","[4, 3, 0, 0, 2]","[0.5, 1.0, 0.0, 0.0, 0.5]","[1, 0, 2, 0, 1]","[2, 1, 6, 0, 2]","[3, 1, 8, 0, 3]","[6, 0, 8, 3, 9]","[0, 0, 4, 1, 4]","[0, 1, 1, 0, 0]","[2, 4, 0, 0, 2]","[1, 1, 4, 2, 3]","[14, 11, 24, 11, 16]","[-5, 2, 12, 36, 2]",112.5,111.0,1.065,1.098,48.4,49.6,13.5,16.0,1.898,2.526,54.9,56.7,38.9,36.0
22022,1628378,0022200803,"FEB 05, 2023",CLE @ IND,W,35,6,18,0.333,2,10,0.2,5,5,1.0,0,3,3,6,1,0,4,1,19,14,1,"[22, 38, 20, 37, 22]","[3, 9, 5, 6, 2]","[9, 24, 9, 17, 11]","[0.333, 0.375, 0.556, 0.353, 0.182]","[2, 6, 1, 3, 2]","[6, 14, 3, 13, 4]","[0.333, 0.429, 0.333, 0.231, 0.5]","[3, 0, 0, 1, 0]","[3, 0, 0, 2, 0]","[1.0, 0.0, 0.0, 0.5, 0.0]","[0, 2, 0, 1, 0]","[1, 6, 0, 2, 4]","[1, 8, 0, 3, 4]","[0, 8, 3, 9, 3]","[0, 4, 1, 4, 1]","[1, 1, 0, 0, 1]","[4, 0, 0, 2, 0]","[1, 4, 2, 3, 1]","[11, 24, 11, 16, 6]","[2, 12, 36, 2, -3]",116.9,109.3,1.111,1.073,50.9,50.7,15.1,18.0,1.913,2.25,58.7,62.7,37.8,28.0
22022,1628378,0022200809,"FEB 06, 2023",CLE @ WAS,W,28,8,16,0.5,3,9,0.333,2,2,1.0,0,6,6,5,1,0,3,1,21,25,1,"[38, 20, 37, 22, 35]","[9, 5, 6, 2, 6]","[24, 9, 17, 11, 18]","[0.375, 0.556, 0.353, 0.182, 0.333]","[6, 1, 3, 2, 2]","[14, 3, 13, 4, 10]","[0.429, 0.333, 0.231, 0.5, 0.2]","[0, 0, 1, 0, 5]","[0, 0, 2, 0, 5]","[0.0, 0.0, 0.5, 0.0, 1.0]","[2, 0, 1, 0, 0]","[6, 0, 2, 4, 3]","[8, 0, 3, 4, 3]","[8, 3, 9, 3, 6]","[4, 1, 4, 1, 1]","[1, 0, 0, 1, 0]","[0, 0, 2, 0, 4]","[4, 2, 3, 1, 1]","[24, 11, 16, 6, 19]","[12, 36, 2, -3, 14]",113.5,118.3,1.106,1.158,50.8,52.9,13.4,17.3,2.041,3.467,60.2,60.0,35.0,38.0
22022,1628378,0022200842,"FEB 10, 2023",CLE @ NOP,W,33,12,21,0.571,3,9,0.333,3,3,1.0,0,5,5,3,1,0,3,0,30,17,1,"[20, 37, 22, 35, 28]","[5, 6, 2, 6, 8]","[9, 17, 11, 18, 16]","[0.556, 0.353, 0.182, 0.333, 0.5]","[1, 3, 2, 2, 3]","[3, 13, 4, 10, 9]","[0.333, 0.231, 0.5, 0.2, 0.333]","[0, 1, 0, 5, 2]","[0, 2, 0, 5, 2]","[0.0, 0.5, 0.0, 1.0, 1.0]","[0, 1, 0, 0, 0]","[0, 2, 4, 3, 6]","[0, 3, 4, 3, 6]","[3, 9, 3, 6, 5]","[1, 4, 1, 1, 1]","[0, 0, 1, 0, 0]","[0, 2, 0, 4, 3]","[2, 3, 1, 1, 1]","[11, 16, 6, 19, 21]","[36, 2, -3, 14, 25]",113.5,112.3,1.09,1.109,50.0,51.5,14.1,13.7,1.929,3.154,58.0,56.0,37.1,34.0
22022,1628378,0022200852,"FEB 11, 2023",CLE vs. CHI,W,39,10,18,0.556,3,7,0.429,6,6,1.0,3,7,10,6,1,2,2,1,29,9,1,"[37, 22, 35, 28, 33]","[6, 2, 6, 8, 12]","[17, 11, 18, 16, 21]","[0.353, 0.182, 0.333, 0.5, 0.571]","[3, 2, 2, 3, 3]","[13, 4, 10, 9, 9]","[0.231, 0.5, 0.2, 0.333, 0.333]","[1, 0, 5, 2, 3]","[2, 0, 5, 2, 3]","[0.5, 0.0, 1.0, 1.0, 1.0]","[1, 0, 0, 0, 0]","[2, 4, 3, 6, 5]","[3, 4, 3, 6, 5]","[9, 3, 6, 5, 3]","[4, 1, 1, 1, 1]","[0, 1, 0, 0, 0]","[2, 0, 4, 3, 3]","[3, 1, 1, 1, 0]","[16, 6, 19, 21, 30]","[2, -3, 14, 25, 17]",113.9,108.0,1.099,1.021,50.0,46.3,13.0,15.0,1.93,1.8,57.0,54.7,38.9,36.0
22022,1628378,0022200858,"FEB 13, 2023",CLE vs. SAS,W,37,16,26,0.615,6,13,0.462,3,4,0.75,1,3,4,5,1,1,2,2,41,17,1,"[22, 35, 28, 33, 39]","[2, 6, 8, 12, 10]","[11, 18, 16, 21, 18]","[0.182, 0.333, 0.5, 0.571, 0.556]","[2, 2, 3, 3, 3]","[4, 10, 9, 9, 7]","[0.5, 0.2, 0.333, 0.333, 0.429]","[0, 5, 2, 3, 6]","[0, 5, 2, 3, 6]","[0.0, 1.0, 1.0, 1.0, 1.0]","[0, 0, 0, 0, 3]","[4, 3, 6, 5, 7]","[4, 3, 6, 5, 10]","[3, 6, 5, 3, 6]","[1, 1, 1, 1, 1]","[1, 0, 0, 0, 2]","[0, 4, 3, 3, 2]","[1, 1, 1, 0, 1]","[6, 19, 21, 30, 29]","[-3, 14, 25, 17, 9]",122.8,125.0,1.167,1.094,53.8,52.3,15.1,17.3,1.809,2.0,67.3,74.7,37.4,27.0
22022,1628378,0022200875,"FEB 15, 2023",CLE @ PHI,L,42,11,24,0.458,4,11,0.364,7,8,0.875,3,2,5,5,2,1,2,1,33,-1,1,"[35, 28, 33, 39, 37]","[6, 8, 12, 10, 16]","[18, 16, 21, 18, 26]","[0.333, 0.5, 0.571, 0.556, 0.615]","[2, 3, 3, 3, 6]","[10, 9, 9, 7, 13]","[0.2, 0.333, 0.333, 0.429, 0.462]","[5, 2, 3, 6, 3]","[5, 2, 3, 6, 4]","[1.0, 1.0, 1.0, 1.0, 0.75]","[0, 0, 0, 3, 1]","[3, 6, 5, 7, 3]","[3, 6, 5, 10, 4]","[6, 5, 3, 6, 5]","[1, 1, 1, 1, 1]","[0, 0, 0, 2, 1]","[4, 3, 3, 2, 2]","[1, 1, 0, 1, 2]","[19, 21, 30, 29, 41]","[14, 25, 17, 9, 17]",110.4,103.3,1.087,1.063,50.2,48.9,16.2,18.0,2.413,3.0,58.1,56.7,33.7,30.0
22022,1628378,0022200886,"FEB 23, 2023",CLE vs. DEN,L,35,9,22,0.409,2,7,0.286,2,2,1.0,1,2,3,3,4,0,2,3,22,-1,1,"[28, 33, 39, 37, 42]","[8, 12, 10, 16, 11]","[16, 21, 18, 26, 24]","[0.5, 0.571, 0.556, 0.615, 0.458]","[3, 3, 3, 6, 4]","[9, 9, 7, 13, 11]","[0.333, 0.333, 0.429, 0.462, 0.364]","[2, 3, 6, 3, 7]","[2, 3, 6, 4, 8]","[1.0, 1.0, 1.0, 0.75, 0.875]","[0, 0, 3, 1, 3]","[6, 5, 7, 3, 2]","[6, 5, 10, 4, 5]","[5, 3, 6, 5, 5]","[1, 1, 1, 1, 2]","[0, 0, 2, 1, 1]","[3, 3, 2, 2, 2]","[1, 0, 1, 2, 1]","[21, 30, 29, 41, 33]","[25, 17, 9, 17, -1]",112.7,107.3,1.105,1.071,51.1,49.5,13.8,10.7,1.789,1.143,59.9,56.0,34.8,34.0
22022,1628378,0022200896,"FEB 24, 2023",CLE @ ATL,L,32,6,17,0.353,2,10,0.2,5,5,1.0,0,1,1,3,1,0,1,4,19,-15,1,"[33, 39, 37, 42, 35]","[12, 10, 16, 11, 9]","[21, 18, 26, 24, 22]","[0.571, 0.556, 0.615, 0.458, 0.409]","[3, 3, 6, 4, 2]","[9, 7, 13, 11, 7]","[0.333, 0.429, 0.462, 0.364, 0.286]","[3, 6, 3, 7, 2]","[3, 6, 4, 8, 2]","[1.0, 1.0, 0.75, 0.875, 1.0]","[0, 3, 1, 3, 1]","[5, 7, 3, 2, 2]","[5, 10, 4, 5, 3]","[3, 6, 5, 5, 3]","[1, 1, 1, 2, 4]","[0, 2, 1, 1, 0]","[3, 2, 2, 2, 2]","[0, 1, 2, 1, 3]","[30, 29, 41, 33, 22]","[17, 9, 17, -1, -1]",116.7,124.0,1.115,1.146,51.4,51.3,15.4,22.3,2.078,4.188,62.5,62.0,35.3,45.0
22022,1628378,0022200914,"FEB 26, 2023",CLE vs. TOR,W,31,13,21,0.619,8,12,0.667,1,1,1.0,1,5,6,4,3,1,3,4,35,12,1,"[39, 37, 42, 35, 32]","[10, 16, 11, 9, 6]","[18, 26, 24, 22, 17]","[0.556, 0.615, 0.458, 0.409, 0.353]","[3, 6, 4, 2, 2]","[7, 13, 11, 7, 10]","[0.429, 0.462, 0.364, 0.286, 0.2]","[6, 3, 7, 2, 5]","[6, 4, 8, 2, 5]","[1.0, 0.75, 0.875, 1.0, 1.0]","[3, 1, 3, 1, 0]","[7, 3, 2, 2, 1]","[10, 4, 5, 3, 1]","[6, 5, 5, 3, 3]","[1, 1, 2, 4, 1]","[2, 1, 1, 0, 0]","[2, 2, 2, 2, 1]","[1, 2, 1, 3, 4]","[29, 41, 33, 22, 19]","[9, 17, -1, -1, -15]",112.1,104.7,1.103,1.027,50.4,47.5,15.1,15.3,2.525,2.875,56.4,58.7,37.0,32.0
22022,1628378,0022200935,"MAR 01, 2023",CLE @ BOS,L,44,17,32,0.531,4,12,0.333,6,7,0.857,1,3,4,5,0,0,2,4,44,-5,1,"[37, 42, 35, 32, 31]","[16, 11, 9, 6, 13]","[26, 24, 22, 17, 21]","[0.615, 0.458, 0.409, 0.353, 0.619]","[6, 4, 2, 2, 8]","[13, 11, 7, 10, 12]","[0.462, 0.364, 0.286, 0.2, 0.667]","[3, 7, 2, 5, 1]","[4, 8, 2, 5, 1]","[0.75, 0.875, 1.0, 1.0, 1.0]","[1, 3, 1, 0, 1]","[3, 2, 2, 1, 5]","[4, 5, 3, 1, 6]","[5, 5, 3, 3, 4]","[1, 2, 4, 1, 3]","[1, 1, 0, 0, 1]","[2, 2, 2, 1, 3]","[2, 1, 3, 4, 4]","[41, 33, 22, 19, 35]","[17, -1, -1, -15, 12]",112.0,118.0,1.09,1.168,50.1,53.4,13.2,16.0,1.993,2.0,60.5,52.0,35.1,43.0
22022,1628378,0022200957,"MAR 04, 2023",CLE vs. DET,W,24,8,17,0.471,2,6,0.333,2,3,0.667,0,3,3,4,2,1,1,0,20,22,1,"[42, 35, 32, 31, 44]","[11, 9, 6, 13, 17]","[24, 22, 17, 21, 32]","[0.458, 0.409, 0.353, 0.619, 0.531]","[4, 2, 2, 8, 4]","[11, 7, 10, 12, 12]","[0.364, 0.286, 0.2, 0.667, 0.333]","[7, 2, 5, 1, 6]","[8, 2, 5, 1, 7]","[0.875, 1.0, 1.0, 1.0, 0.857]","[3, 1, 0, 1, 1]","[2, 2, 1, 5, 3]","[5, 3, 1, 6, 4]","[5, 3, 3, 4, 5]","[2, 4, 1, 3, 0]","[1, 0, 0, 1, 0]","[2, 2, 1, 3, 2]","[1, 3, 4, 4, 4]","[33, 22, 19, 35, 44]","[-1, -1, -15, 12, -5]",119.2,109.7,1.145,1.07,53.0,50.5,12.8,12.3,1.733,1.423,62.6,56.7,36.3,32.0
22022,1628378,0022200971,"MAR 06, 2023",CLE vs. BOS,W,47,14,34,0.412,4,11,0.364,8,8,1.0,4,7,11,4,0,1,3,2,40,3,1,"[35, 32, 31, 44, 24]","[9, 6, 13, 17, 8]","[22, 17, 21, 32, 17]","[0.409, 0.353, 0.619, 0.531, 0.471]","[2, 2, 8, 4, 2]","[7, 10, 12, 12, 6]","[0.286, 0.2, 0.667, 0.333, 0.333]","[2, 5, 1, 6, 2]","[2, 5, 1, 7, 3]","[1.0, 1.0, 1.0, 0.857, 0.667]","[1, 0, 1, 1, 0]","[2, 1, 5, 3, 3]","[3, 1, 6, 4, 3]","[3, 3, 4, 5, 4]","[4, 1, 3, 0, 2]","[0, 0, 1, 0, 1]","[2, 1, 3, 2, 1]","[3, 4, 4, 4, 0]","[22, 19, 35, 44, 20]","[-1, -15, 12, -5, 22]",112.4,119.7,1.091,1.111,50.2,51.5,13.3,15.0,1.986,1.875,60.6,62.0,35.3,39.0
22022,1628378,0022200987,"MAR 08, 2023",CLE @ MIA,W,34,7,18,0.389,1,7,0.143,3,3,1.0,0,4,4,4,2,0,3,3,18,7,1,"[32, 31, 44, 24, 47]","[6, 13, 17, 8, 14]","[17, 21, 32, 17, 34]","[0.353, 0.619, 0.531, 0.471, 0.412]","[2, 8, 4, 2, 4]","[10, 12, 12, 6, 11]","[0.2, 0.667, 0.333, 0.333, 0.364]","[5, 1, 6, 2, 8]","[5, 1, 7, 3, 8]","[1.0, 1.0, 0.857, 0.667, 1.0]","[0, 1, 1, 0, 4]","[1, 5, 3, 3, 7]","[1, 6, 4, 3, 11]","[3, 4, 5, 4, 4]","[1, 3, 0, 2, 0]","[0, 1, 0, 1, 1]","[1, 3, 2, 1, 3]","[4, 4, 4, 0, 2]","[19, 35, 44, 20, 40]","[-15, 12, -5, 22, 3]",109.1,119.7,1.088,1.211,49.2,56.2,12.5,16.3,1.803,1.96,53.3,66.7,39.2,35.0
22022,1628378,0022201000,"MAR 10, 2023",CLE @ MIA,L,43,15,30,0.5,8,15,0.533,4,6,0.667,0,3,3,4,1,0,4,4,42,1,1,"[31, 44, 24, 47, 34]","[13, 17, 8, 14, 7]","[21, 32, 17, 34, 18]","[0.619, 0.531, 0.471, 0.412, 0.389]","[8, 4, 2, 4, 1]","[12, 12, 6, 11, 7]","[0.667, 0.333, 0.333, 0.364, 0.143]","[1, 6, 2, 8, 3]","[1, 7, 3, 8, 3]","[1.0, 0.857, 0.667, 1.0, 1.0]","[1, 1, 0, 4, 0]","[5, 3, 3, 7, 4]","[6, 4, 3, 11, 4]","[4, 5, 4, 4, 4]","[3, 0, 2, 0, 2]","[1, 0, 1, 1, 0]","[3, 2, 1, 3, 3]","[4, 4, 0, 2, 3]","[35, 44, 20, 40, 18]","[12, -5, 22, 3, 7]",109.1,113.7,1.087,1.141,49.2,53.6,12.5,13.0,1.781,1.3,53.4,66.7,39.0,27.0
22022,1628378,0022201015,"MAR 12, 2023",CLE @ CHA,W,33,10,19,0.526,0,6,0.0,3,3,1.0,1,2,3,3,2,0,2,5,23,-13,1,"[44, 24, 47, 34, 43]","[17, 8, 14, 7, 15]","[32, 17, 34, 18, 30]","[0.531, 0.471, 0.412, 0.389, 0.5]","[4, 2, 4, 1, 8]","[12, 6, 11, 7, 15]","[0.333, 0.333, 0.364, 0.143, 0.533]","[6, 2, 8, 3, 4]","[7, 3, 8, 3, 6]","[0.857, 0.667, 1.0, 1.0, 0.667]","[1, 0, 4, 0, 0]","[3, 3, 7, 4, 3]","[4, 3, 11, 4, 3]","[5, 4, 4, 4, 4]","[0, 2, 0, 2, 1]","[0, 1, 1, 0, 0]","[2, 1, 3, 3, 4]","[4, 0, 2, 3, 4]","[44, 20, 40, 18, 42]","[-5, 22, 3, 7, 1]",117.5,109.0,1.117,1.087,51.2,51.0,12.0,10.3,1.814,2.583,61.0,64.7,37.4,27.0
22022,1628378,0022201035,"MAR 15, 2023",CLE vs. PHI,L,40,9,19,0.474,1,7,0.143,2,3,0.667,1,5,6,3,3,0,1,1,21,-13,1,"[24, 47, 34, 43, 33]","[8, 14, 7, 15, 10]","[17, 34, 18, 30, 19]","[0.471, 0.412, 0.389, 0.5, 0.526]","[2, 4, 1, 8, 0]","[6, 11, 7, 15, 6]","[0.333, 0.364, 0.143, 0.533, 0.0]","[2, 8, 3, 4, 3]","[3, 8, 3, 6, 3]","[0.667, 1.0, 1.0, 0.667, 1.0]","[0, 4, 0, 0, 1]","[3, 7, 4, 3, 2]","[3, 11, 4, 3, 3]","[4, 4, 4, 4, 3]","[2, 0, 2, 1, 2]","[1, 1, 0, 0, 0]","[1, 3, 3, 4, 2]","[0, 2, 3, 4, 5]","[20, 40, 18, 42, 23]","[22, 3, 7, 1, -13]",110.7,102.0,1.096,1.048,50.5,48.8,15.8,12.0,2.383,1.895,57.3,52.0,34.6,32.0
22022,1628378,0022201049,"MAR 17, 2023",CLE vs. WAS,W,26,7,17,0.412,0,6,0.0,6,6,1.0,2,4,6,1,1,0,2,2,20,8,1,"[47, 34, 43, 33, 40]","[14, 7, 15, 10, 9]","[34, 18, 30, 19, 19]","[0.412, 0.389, 0.5, 0.526, 0.474]","[4, 1, 8, 0, 1]","[11, 7, 15, 6, 7]","[0.364, 0.143, 0.533, 0.0, 0.143]","[8, 3, 4, 3, 2]","[8, 3, 6, 3, 3]","[1.0, 1.0, 0.667, 1.0, 0.667]","[4, 0, 0, 1, 1]","[7, 4, 3, 2, 5]","[11, 4, 3, 3, 6]","[4, 4, 4, 3, 3]","[0, 2, 1, 2, 3]","[1, 0, 0, 0, 0]","[3, 3, 4, 2, 1]","[2, 3, 4, 5, 1]","[40, 18, 42, 23, 21]","[3, 7, 1, -13, -13]",113.2,107.7,1.112,1.083,51.0,48.9,13.8,12.3,1.969,1.609,60.0,56.7,35.6,36.0
22022,1628378,0022201079,"MAR 21, 2023",CLE @ BKN,W,37,10,22,0.455,5,9,0.556,6,8,0.75,0,5,5,3,0,0,3,1,31,20,1,"[34, 43, 33, 40, 26]","[7, 15, 10, 9, 7]","[18, 30, 19, 19, 17]","[0.389, 0.5, 0.526, 0.474, 0.412]","[1, 8, 0, 1, 0]","[7, 15, 6, 7, 6]","[0.143, 0.533, 0.0, 0.143, 0.0]","[3, 4, 3, 2, 6]","[3, 6, 3, 3, 6]","[1.0, 0.667, 1.0, 0.667, 1.0]","[0, 0, 1, 1, 2]","[4, 3, 2, 5, 4]","[4, 3, 3, 6, 6]","[4, 4, 3, 3, 1]","[2, 1, 2, 3, 1]","[0, 0, 0, 0, 0]","[3, 4, 2, 1, 2]","[3, 4, 5, 1, 2]","[18, 42, 23, 21, 20]","[7, 1, -13, -13, 8]",112.8,110.0,1.106,1.115,51.0,50.8,13.4,12.7,1.89,2.375,57.6,55.3,36.2,36.0
22022,1628378,0022201094,"MAR 23, 2023",CLE @ BKN,W,33,11,24,0.458,3,9,0.333,6,9,0.667,2,4,6,1,0,1,1,3,31,0,1,"[43, 33, 40, 26, 37]","[15, 10, 9, 7, 10]","[30, 19, 19, 17, 22]","[0.5, 0.526, 0.474, 0.412, 0.455]","[8, 0, 1, 0, 5]","[15, 6, 7, 6, 9]","[0.533, 0.0, 0.143, 0.0, 0.556]","[4, 3, 2, 6, 6]","[6, 3, 3, 6, 8]","[0.667, 1.0, 0.667, 1.0, 0.75]","[0, 1, 1, 2, 0]","[3, 2, 5, 4, 5]","[3, 3, 6, 6, 5]","[4, 3, 3, 1, 3]","[1, 2, 3, 1, 0]","[0, 0, 0, 0, 0]","[4, 2, 1, 2, 3]","[4, 5, 1, 2, 1]","[42, 23, 21, 20, 31]","[1, -13, -13, 8, 20]",112.9,108.0,1.107,1.116,51.0,50.3,13.3,9.0,1.886,2.077,57.6,51.3,36.3,39.0
22022,1628378,0022201117,"MAR 26, 2023",CLE vs. HOU,W,36,8,16,0.5,4,9,0.444,2,2,1.0,2,3,5,1,1,1,1,2,22,24,1,"[33, 40, 26, 37, 33]","[10, 9, 7, 10, 11]","[19, 19, 17, 22, 24]","[0.526, 0.474, 0.412, 0.455, 0.458]","[0, 1, 0, 5, 3]","[6, 7, 6, 9, 9]","[0.0, 0.143, 0.0, 0.556, 0.333]","[3, 2, 6, 6, 6]","[3, 3, 6, 8, 9]","[1.0, 0.667, 1.0, 0.75, 0.667]","[1, 1, 2, 0, 2]","[2, 5, 4, 5, 4]","[3, 6, 6, 5, 6]","[3, 3, 1, 3, 1]","[2, 3, 1, 0, 0]","[0, 0, 0, 0, 1]","[2, 1, 2, 3, 1]","[5, 1, 2, 1, 3]","[23, 21, 20, 31, 31]","[-13, -13, 8, 20, 0]",118.7,134.0,1.152,1.295,51.7,56.9,17.6,26.3,1.983,2.469,55.2,61.3,44.1,54.0
22022,1628378,0022201131,"MAR 28, 2023",CLE @ ATL,L,40,15,33,0.455,5,12,0.417,9,9,1.0,1,4,5,5,2,0,2,3,44,4,1,"[40, 26, 37, 33, 36]","[9, 7, 10, 11, 8]","[19, 17, 22, 24, 16]","[0.474, 0.412, 0.455, 0.458, 0.5]","[1, 0, 5, 3, 4]","[7, 6, 9, 9, 9]","[0.143, 0.0, 0.556, 0.333, 0.444]","[2, 6, 6, 6, 2]","[3, 6, 8, 9, 2]","[0.667, 1.0, 0.75, 0.667, 1.0]","[1, 2, 0, 2, 2]","[5, 4, 5, 4, 3]","[6, 6, 5, 6, 5]","[3, 1, 3, 1, 1]","[3, 1, 0, 0, 1]","[0, 0, 0, 1, 1]","[1, 2, 3, 1, 1]","[1, 2, 1, 3, 2]","[21, 20, 31, 31, 22]","[-13, 8, 20, 0, 24]",117.8,126.0,1.126,1.191,51.8,54.4,15.7,17.7,2.09,2.409,63.3,71.3,35.8,38.0
22022,1628378,0022201154,"MAR 31, 2023",CLE vs. NYK,L,40,16,23,0.696,6,9,0.667,4,5,0.8,0,4,4,5,0,1,4,5,42,-8,1,"[26, 37, 33, 36, 40]","[7, 10, 11, 8, 15]","[17, 22, 24, 16, 33]","[0.412, 0.455, 0.458, 0.5, 0.455]","[0, 5, 3, 4, 5]","[6, 9, 9, 9, 12]","[0.0, 0.556, 0.333, 0.444, 0.417]","[6, 6, 6, 2, 9]","[6, 8, 9, 2, 9]","[1.0, 0.75, 0.667, 1.0, 1.0]","[2, 0, 2, 2, 1]","[4, 5, 4, 3, 4]","[6, 5, 6, 5, 5]","[1, 3, 1, 1, 5]","[1, 0, 0, 1, 2]","[0, 0, 1, 1, 0]","[2, 3, 1, 1, 2]","[2, 1, 3, 2, 3]","[20, 31, 31, 22, 44]","[8, 20, 0, 24, 4]",112.5,106.0,1.106,1.069,50.4,49.1,12.6,13.3,2.081,2.105,55.5,56.0,38.6,33.0
22022,1628378,0022201173,"APR 02, 2023",CLE vs. IND,W,40,14,25,0.56,3,9,0.333,9,12,0.75,0,6,6,1,3,0,5,4,40,16,1,"[37, 33, 36, 40, 40]","[10, 11, 8, 15, 16]","[22, 24, 16, 33, 23]","[0.455, 0.458, 0.5, 0.455, 0.696]","[5, 3, 4, 5, 6]","[9, 9, 9, 12, 9]","[0.556, 0.333, 0.444, 0.417, 0.667]","[6, 6, 2, 9, 4]","[8, 9, 2, 9, 5]","[0.75, 0.667, 1.0, 1.0, 0.8]","[0, 2, 2, 1, 0]","[5, 4, 3, 4, 4]","[5, 6, 5, 5, 4]","[3, 1, 1, 5, 5]","[0, 0, 1, 2, 0]","[0, 1, 1, 0, 1]","[3, 1, 1, 2, 4]","[1, 3, 2, 3, 5]","[31, 31, 22, 44, 42]","[20, 0, 24, 4, -8]",119.0,131.0,1.135,1.234,52.2,57.9,14.7,21.0,1.88,2.864,61.4,76.7,37.1,32.0
22022,1628378,0022201178,"APR 04, 2023",CLE @ ORL,W,41,15,23,0.652,5,9,0.556,8,9,0.889,0,5,5,4,0,1,3,2,43,10,1,"[33, 36, 40, 40, 40]","[11, 8, 15, 16, 14]","[24, 16, 33, 23, 25]","[0.458, 0.5, 0.455, 0.696, 0.56]","[3, 4, 5, 6, 3]","[9, 9, 12, 9, 9]","[0.333, 0.444, 0.417, 0.667, 0.333]","[6, 2, 9, 4, 9]","[9, 2, 9, 5, 12]","[0.667, 1.0, 1.0, 0.8, 0.75]","[2, 2, 1, 0, 0]","[4, 3, 4, 4, 6]","[6, 5, 5, 4, 6]","[1, 1, 5, 5, 1]","[0, 1, 2, 0, 3]","[1, 1, 0, 1, 0]","[1, 1, 2, 4, 5]","[3, 2, 3, 5, 4]","[31, 22, 44, 42, 40]","[0, 24, 4, -8, 16]",113.9,108.0,1.104,1.007,50.3,45.8,14.4,14.3,1.894,2.15,56.8,51.3,38.6,38.0
